company_name,www,krs_number
STX Next Sp.z.o.o,https://www.stxnext.com/,0000230895
Stepwise Sp.z.o.o,https://stepwise.pl,0000635325
Brainhub Sp.z.o.o,https://brainhub.eu,0000622336
Gecko Dynamics Sp.z.o.o,https://geckodynamics.com,0000707573
Neoteric Sp.z.o.o,https://neoteric.eu,0000498594
itCraft Sp.z.o.o,https://itcraftapps.com,0000844724
Future Processing Sp.z.o.o,https://www.future-processing.com,0000217147
Software Mind Sp.z.o.o,https://softwaremind.com,0000411748
TeaCode.io SC,https://teacode.io,
Miquido Sp. z o. o. sp. k.,https://www.miquido.com,0000651969
Merixstudio Sp. z o.o.,https://www.merixstudio.com,0000938427
10Clouds Sp. z o.o.,https://10clouds.com,0000405868
The Software House Sp.z.o.o,https://tsh.io,0000435101
Visuality Sp. z o.o. sp. k.,https://www.visuality.pl,0000670915
Deviniti Sp. z.o.o.,https://deviniti.com,0000223645
Monterail Sp. z o. o.,https://www.monterail.com,0000357415
Gorrion Software House,https://gorrion.io,
Boldare XSolve sp. z o.o.,https://www.boldare.com,0000914518
Netguru S.A.,https://www.netguru.com,0000745671
Angry Nerds S.J.,https://angrynerds.co,0000757341
Software Hut Sp. z o.o.,https://softwarehut.com,0000565360
JMR Technologies Sp. z o.o.,https://www.jmr.pl,0000343359
Droids On Roids Sp. z o.o.,https://www.thedroidsonroids.com,0000940155
Apzumi Sp. z o.o. sp. kom.,https://www.apzumi.com,0000450526
Applover Sp. z o.o.,https://applover.com,0000602983
Order Group Sp. z o.o.,https://ordergroup.co,0000489590
EL Passion Sp. z o.o.,https://www.elpassion.com,0000460019
Selleo Sp z.o.o,https://selleo.com,0000925982
White Labels Coders  sp. z o.o.,https://whitelabelcoders.com,0000368391
Concise Software  Sp. z o.o.,https://concisesoftware.com,0000390423
iRonin.IT SP. Z O.O. SP. K.,https://www.ironin.it,0000665728
EMBIQ Sp. z o.o.,https://embiq.com,0000338852
nomtek  Sp.z.o.o,https://www.nomtek.com,0000468869
Ragnarson Sp. z o.o. Sp. K.,https://ragnarson.com,0000543467
Pagepro Sp. z o.o.,https://pagepro.co,0000667902
VAO Spolka Cywilna,https://www.vao.pl,0000885258
Nopio,https://www.nopio.com,
Polcode Sp. z o. o.,https://polcode.com,0000525949
Nextrope Next Enterprises Sp. z o.o.,https://nextrope.com,0000727128
SoftwareMill  SP. Z O.O. SP.K.,https://softwaremill.com,0000537126
JCommerce Sp. z o.o.,https://www.jcommerce.eu,0000312679
Sunscrapers  sp. z o.o.,https://sunscrapers.com,0000591597
Espeo Software Sp. z o.o.,https://espeo.eu,0000307845
Ready4S Sp. z o.o.,https://www.ready4s.com,0000542684
Da Vinci Studio sp. z o. o.,https://www.davinci-studio.com/,
Divante S.A.,https://www.divante.com,0000875316
Setapp Spółka z o.o.,https://setapp.pl,0000999055
Railwaymen Spółka z o.o.,https://railwaymen.org,0000386418
Codibly Spółka z o.o.,https://codibly.com,0000511782
VM.pl Software House Spółka z o.o.,https://www.vm.pl,0000743177
RST Software Masters Spółka z o.o.,https://rst.software,0000307102
Ideamotive Spółka z o.o.,https://www.ideamotive.co,0000529079
Codete sp. k.,https://codete.com,0000983688
4soft Spółka z o.o.,https://4soft.co,0000831231
Bravelab.io Spółka z o.o.,https://bravelab.io,0000585617
Airnauts Spółka z o.o.,https://airnauts.com,0000449487
Pirxon SA,https://pirxon.com,0000756045
GogoApps S.A.,https://www.gogoapps.io,0000839882
Sensi Labs Spółka z o.o.,https://www.sensilabs.pl,0000613262
United Ideas Spółka z o.o.,https://unitedideas.co,0000760334
Liki Sp. k.,https://likims.com,0000557864
Develtio Spółka z o.o.,https://develtio.com,0000684368
Accesto Spółka z o.o.,https://accesto.com,0000366764
HeroDOT Spółka z o.o.,https://herodot.com,0000548295
DeSmart Software Development Spółka z o.o.,https://desmart.com,0000681984
Better Software Group S.A.,https://www.bsgroup.eu,0000602767
Ultimate Systems Sp. z o.o.,https://www.ultimate.systems/web/,0000660837
Revolve Healthcare S. j.,https://revolve.healthcare,
Lunar Logic Spółka z o.o.,https://lunarlogic.io,0000217813
Code Inspiration Spółka z o.o.,https://codeinspiration.pro,0000899739
DO OK S.A.,https://dook.pro,0000639585
Altalogy Spółka z o.o.,https://www.altalogy.com,0000752773
Appsilon Spółka z o.o.,https://appsilon.com,0000483137
BelVG Spółka z o.o.,https://belvg.com,0000876096
Appstronauts Spółka z o.o.,https://appstronauts.co,0000579188
ITRex Group co.,https://itrexgroup.com,
Idego Group Spółka z o.o.,https://idego-group.com,0000350282
Altoros Spółka z o.o.,https://www.altoroslabs.com,0000889137
Relevant Software Spółka z o.o.,https://relevant.software,0000928235
KeenEthics Spółka z o.o.,https://keenethics.com,0000801430
OArea,https://qarea.com,
createIT,https://www.createit.com,0000469827
SSA Group,https://www.ssa.group,0000006691
Syndicode,https://syndicode.com/online-marketplace-development/,
Scalo,https://www.scalosoft.com,0000500203
Profil Software,https://profil-software.com,0000968740
Apptension,https://www.apptension.com,0000534235
u2i,https://www.u2i.com,
Sparkbit,https://www.sparkbit.pl,0000729100
Britenet,https://britenet.com.pl/en/,0000637964
Blazity Software,https://blazity.com,0000743458
Studio Software,https://studiosoftware.com,0000680423
7ninjas (acquired by Netguru),
Crunch,https://crunch.is,0000589906
Springs,https://springsapps.com,0000270246
Netizens,https://www.netizens.pl
Altkom Software& Consulting,https://www.altkomsoftware.com
SoftKraft,https://www.softkraft.co/python-development-company/
Euvic,https://www.euvic.com
LaSoft,https://lasoft.org
Pattern Match,https://www.pattern-match.com
CodeWave,https://codewave.eu
appwise software house,https://appwise.pl
Vavatech,https://vavatech.eu
Digica,https://www.digica.com
Owls Department,https://www.owlsdepartment.com
Brave New,https://bravenew.agency
Forbytes,https://forbytes.com
MobiDev,https://mobidev.biz
Solidstudio Software House,https://solidstudio.io
Solvd Inc.,https://www.solvd.com
GOGOmedia,https://gogomedia.pl
Giraffe Studio,https://giraffestudioapps.com
INNOKREA,https://www.innokrea.com
Hatimeria,https://www.hatimeria.com
Software Things,https://softwarethings.pro
HeadChannel,https://headchannel.co.uk
Qarbon IT,https://www.qarbon.it
Scalac,https://scalac.io
Codeshine,https://codeshine.com
Sagiton,https://www.sagiton.pl/pl/
2N IT,https://www.2n.pl
ASPER BROTHERS,https://asperbrothers.com
Startup Development House,https://start-up.house/en/
GP Solutions,https://www.software.travel
Symphony Solutions,https://symphony-solutions.com
Frontkom,https://frontkom.com
nexocode,https://nexocode.com
TH-EY,https://th-ey.com
Webini,https://webini.co
Future Mind,https://www.futuremind.com
AMC TECH,https://amctech.pl
Vazco,https://www.vazco.eu
LeanCode,https://leancode.co
Evojam,https://evojam.com
Zaven,https://zaven.co
Exaco,https://exaco.pl
Code & Pepper,https://codeandpepper.com
DevBrother,https://devbrother.com
SolveIt,https://solveit.dev
Mits,https://mits.pl/en/
FINGO Software House,https://www.fingo.pl
RTE,https://rte.global
Yameo,http://www.yameo.eu
NubiSoft,https://nubisoft.io
Svitla Systems,https://svitla.com
Freeport Metrics,https://www.freeportmetrics.com
SPEEDNET,https://speednet.pl
TEONITE,https://teonite.com
Makimo,https://makimo.pl
G-Group.dev,https://www.g-group.dev
mDevelopers,https://mdevelopers.com,0000364079
B-MIND Software House,https://b-mind.co
N7 Mobile,https://n7mobile.com/pl
Ulam Labs,https://www.ulam.io
bPol (Primotly),https://bpol.net
ICEO - Venture Builder,https://iceo.co/pl
Devox Software,https://devoxsoftware.com/?utm_source=clutch.co&utm_medium=referral&utm_campaign=directory
Clurgo,https://clurgo.com/pl/
Agiliway,https://agiliway.com
ITechArt Group,https://www.itechart.com
DICEUS,https://diceus.com
Itexus,https://itexus.com
Uptech,https://www.uptech.team
N-iX,https://www.n-ix.com/team-extension/
eTeam,https://www.eteam.io
Adexin,https://adexin.com
CSHARK,https://cshark.com
